City_ID,City,Lat,Lng,Max Temp,Humidity,Cloudiness,Wind Speed,Country,Date
0,Port Alfred,-33.5906,26.891,66.99,95,70,1.01,ZA,2021-02-07 18:10:16
1,San Miguel,13.4833,-88.1833,91.4,49,0,2.8,SV,2021-02-07 18:10:16
2,Sirjan,29.452,55.6814,50.22,49,4,9.69,IR,2021-02-07 18:15:26
3,Srednekolymsk,67.45,153.6833,-10.35,85,83,4.68,RU,2021-02-07 18:12:09
4,Mtimbira,-8.7833,36.35,76.19,85,64,2.55,TZ,2021-02-07 18:15:26
5,Rikitea,-23.1203,-134.9692,77.38,72,96,12.06,PF,2021-02-07 18:10:16
6,Butaritari,3.0707,172.7902,80.64,81,43,18.21,KI,2021-02-07 18:10:16
7,Gazojak,41.1875,61.4036,49.84,61,100,8.81,TM,2021-02-07 18:15:26
8,Chuy,-33.6971,-53.4616,76.53,60,1,9.64,UY,2021-02-07 18:15:27
9,Kununurra,-15.7667,128.7333,78.8,77,75,9.4,AU,2021-02-07 18:14:51
10,Carutapera,-1.195,-46.02,85.91,64,38,9.95,BR,2021-02-07 18:12:11
11,Cherskiy,68.75,161.3,-4.5,71,10,1.28,RU,2021-02-07 18:11:43
12,Nemuro,43.3236,145.575,14.45,87,66,11.63,JP,2021-02-07 18:10:17
13,Ushuaia,-54.8,-68.3,59.0,47,40,12.66,AR,2021-02-07 18:14:22
14,Gravdal,68.1214,13.5031,33.8,69,40,16.11,NO,2021-02-07 18:15:27
15,Jamestown,42.097,-79.2353,19.99,73,90,17.27,US,2021-02-07 18:15:27
16,Mataura,-46.1927,168.8643,50.36,86,84,1.9,NZ,2021-02-07 18:11:31
17,Chokurdakh,70.6333,147.9167,-23.51,86,62,7.4,RU,2021-02-07 18:08:28
18,Busselton,-33.65,115.3333,63.0,99,100,9.13,AU,2021-02-07 18:15:27
19,Paralimni,35.0375,33.9833,57.99,82,20,4.61,CY,2021-02-07 18:15:27
20,Vaini,-21.2,-175.2,78.8,89,75,12.66,TO,2021-02-07 18:15:28
21,Dustlik,40.5247,68.0358,51.87,60,100,23.76,UZ,2021-02-07 18:12:03
22,Te Anau,-45.4167,167.7167,54.75,80,99,2.73,NZ,2021-02-07 18:10:17
23,Barrow,71.2906,-156.7887,-22.0,76,90,10.36,US,2021-02-07 18:08:53
24,Arrecife,28.963,-13.5477,64.4,68,40,10.36,ES,2021-02-07 18:10:18
25,Ternate,0.8,127.4,81.21,78,71,5.53,ID,2021-02-07 18:06:37
26,Asau,46.4333,26.4,28.99,74,100,2.15,RO,2021-02-07 18:15:28
27,Los Algarrobos,8.5,-82.4333,89.6,58,20,5.73,PA,2021-02-07 18:15:28
28,Sagarejo,41.734,45.3315,48.2,66,0,17.27,GE,2021-02-07 18:10:18
29,Castro,-24.7911,-50.0119,76.26,42,0,3.8,BR,2021-02-07 18:10:18
30,Beringovskiy,63.05,179.3167,-2.58,89,99,14.5,RU,2021-02-07 18:10:18
31,Neepawa,50.2289,-99.4664,-23.8,62,1,14.97,CA,2021-02-07 18:10:18
32,Buwenge,0.6422,33.1744,73.94,36,87,1.32,UG,2021-02-07 18:10:19
33,Masumbwe,-3.6333,32.1833,67.44,87,76,1.03,TZ,2021-02-07 18:10:19
34,Goundam,16.4145,-3.6708,78.21,17,100,11.18,ML,2021-02-07 18:15:29
35,Severo-Kurilsk,50.6789,156.125,20.05,90,100,16.82,RU,2021-02-07 18:15:29
36,Hermanus,-34.4187,19.2345,68.0,73,38,6.35,ZA,2021-02-07 18:15:29
37,Albany,42.6001,-73.9662,28.99,74,100,4.45,US,2021-02-07 18:13:04
38,Nizhniy Odes,63.6445,54.856,-25.4,85,100,9.95,RU,2021-02-07 18:15:29
39,Praia Da Vitoria,38.7333,-27.0667,59.0,88,75,16.26,PT,2021-02-07 18:10:19
40,Oum Hadjer,13.2954,19.6966,72.63,18,34,6.31,TD,2021-02-07 18:10:20
41,Great Falls,47.5002,-111.3008,-7.01,70,90,3.74,US,2021-02-07 18:10:20
42,Puerto Ayora,-0.7393,-90.3518,84.2,70,0,17.27,EC,2021-02-07 18:08:50
43,Brae,60.3964,-1.353,33.8,60,75,9.22,GB,2021-02-07 18:15:29
44,Kokopo,-4.352,152.2633,77.67,85,42,5.59,PG,2021-02-07 18:15:29
45,Kefamenanu,-9.4467,124.4781,70.99,89,99,2.1,ID,2021-02-07 18:15:29
46,Carnarvon,-24.8667,113.6333,78.8,100,40,13.8,AU,2021-02-07 18:15:30
47,Upernavik,72.7868,-56.1549,18.43,80,15,3.6,GL,2021-02-07 18:15:30
48,Saint Pete Beach,27.7253,-82.7412,70.0,73,1,6.91,US,2021-02-07 18:10:20
49,Bethel,41.3712,-73.414,28.0,93,90,8.05,US,2021-02-07 18:15:30
50,Erzin,36.9559,36.2,60.8,63,40,12.66,TR,2021-02-07 18:15:30
51,Esik,43.3552,77.4525,33.8,86,75,4.47,KZ,2021-02-07 18:15:30
52,Hobart,-42.8794,147.3294,53.6,62,40,5.75,AU,2021-02-07 18:11:19
53,Ennis,52.8436,-8.9864,39.2,65,75,13.8,IE,2021-02-07 18:15:15
54,Faanui,-16.4833,-151.75,80.96,76,2,12.1,PF,2021-02-07 18:15:30
55,Punta Arenas,-53.15,-70.9167,69.8,23,0,12.66,CL,2021-02-07 18:10:21
56,Tezu,27.9167,96.1667,60.55,36,0,3.71,IN,2021-02-07 18:15:30
57,Cape Town,-33.9258,18.4232,69.8,60,0,24.16,ZA,2021-02-07 18:09:40
58,Novikovo,51.1537,37.8879,3.36,91,9,8.81,RU,2021-02-07 18:13:23
59,Oliveira Dos Brejinhos,-12.3169,-42.8961,81.9,63,96,6.51,BR,2021-02-07 18:10:21
60,Kananga,-5.8958,22.4178,73.02,77,100,3.27,CD,2021-02-07 18:15:31
61,Bredasdorp,-34.5322,20.0403,68.0,60,59,10.36,ZA,2021-02-07 18:15:31
62,Buenaventura,3.8801,-77.0312,77.0,66,85,5.21,CO,2021-02-07 18:15:31
63,Airai,-8.9266,125.4092,60.64,100,100,2.86,TL,2021-02-07 18:15:31
64,Narsaq,60.9167,-46.05,37.4,30,90,47.18,GL,2021-02-07 18:15:31
65,Qaanaaq,77.484,-69.3632,11.64,87,99,4.79,GL,2021-02-07 18:06:53
66,New Norfolk,-42.7826,147.0587,53.6,62,40,5.75,AU,2021-02-07 18:08:46
67,Georgetown,5.4112,100.3354,84.0,83,20,2.86,MY,2021-02-07 18:15:31
68,Portland,45.5234,-122.6762,44.6,76,75,3.44,US,2021-02-07 18:13:37
69,Xining,36.6167,101.7667,25.18,58,0,2.19,CN,2021-02-07 18:15:32
70,Atar,20.5169,-13.0499,73.15,21,0,15.12,MR,2021-02-07 18:13:24
71,Dikson,73.5069,80.5464,-30.84,85,89,11.7,RU,2021-02-07 18:06:35
72,Nabire,-3.3667,135.4833,75.9,84,95,3.58,ID,2021-02-07 18:13:49
73,Provideniya,64.3833,-173.3,-3.78,78,40,16.82,RU,2021-02-07 18:15:32
74,Galesong,-5.3166,119.3661,75.2,100,20,2.3,ID,2021-02-07 18:15:32
75,Klaksvik,62.2266,-6.589,35.6,75,40,13.8,FO,2021-02-07 18:15:32
76,Saint-Ambroise,48.5501,-71.3324,26.01,54,95,6.91,CA,2021-02-07 18:15:32
77,Balas,15.0335,120.6059,75.2,78,40,2.3,PH,2021-02-07 18:15:32
78,Constitucion,-35.3333,-72.4167,67.26,66,67,8.39,CL,2021-02-07 18:15:32
79,Bluff,-46.6,168.3333,54.05,85,100,5.1,NZ,2021-02-07 18:15:32
80,Saint-Philippe,-21.3585,55.7679,78.8,83,0,5.75,RE,2021-02-07 18:15:33
81,Tiksi,71.6872,128.8694,-28.34,83,66,3.4,RU,2021-02-07 18:12:18
82,Tiarei,-17.5333,-149.3333,80.6,69,75,4.61,PF,2021-02-07 18:11:46
83,Mountain Home,43.133,-115.6912,42.8,42,1,13.8,US,2021-02-07 18:06:21
84,Moses Lake,47.1301,-119.2781,39.2,56,1,8.05,US,2021-02-07 18:10:23
85,Staszow,50.5631,21.1659,19.0,60,100,11.99,PL,2021-02-07 18:15:33
86,East London,-33.0153,27.9116,71.6,88,40,3.44,ZA,2021-02-07 18:10:23
87,Plettenberg Bay,-34.0527,23.3716,66.0,75,98,6.58,ZA,2021-02-07 18:10:23
88,Kalmunai,7.4167,81.8167,77.22,87,5,11.14,LK,2021-02-07 18:15:33
89,Puerto Del Rosario,28.5004,-13.8627,66.2,52,20,14.97,ES,2021-02-07 18:10:23
90,Port Elizabeth,-33.918,25.5701,68.0,94,40,5.75,ZA,2021-02-07 18:08:50
91,Kapaa,22.0752,-159.319,60.8,77,1,4.61,US,2021-02-07 18:15:33
92,Mareeba,-17.0,145.4333,80.01,100,100,2.04,AU,2021-02-07 18:15:34
93,Svetlogorsk,52.6333,29.7333,5.07,92,71,3.24,BY,2021-02-07 18:15:34
94,Aksu,41.1231,80.2644,31.46,81,100,1.3,CN,2021-02-07 18:15:34
95,Shaunavon,49.6501,-108.4181,-18.4,69,76,3.44,CA,2021-02-07 18:15:34
96,Atyrau,47.1167,51.8833,14.0,67,0,11.18,KZ,2021-02-07 18:15:34
97,Buraydah,26.326,43.975,55.4,94,40,5.75,SA,2021-02-07 18:15:34
98,Bambous Virieux,-20.3428,57.7575,80.6,74,20,10.36,MU,2021-02-07 18:06:46
99,Chiredzi,-21.05,31.6667,76.48,64,63,5.14,ZW,2021-02-07 18:15:34
100,Valmiera,57.5411,25.4275,12.0,85,67,4.0,LV,2021-02-07 18:15:34
101,Kamenka,51.3223,42.7678,-4.76,91,60,10.07,RU,2021-02-07 18:15:35
102,Poltavka,54.3663,71.7632,9.84,94,100,14.07,RU,2021-02-07 18:15:35
103,Kruisfontein,-34.0033,24.7314,64.99,94,100,4.0,ZA,2021-02-07 18:15:35
104,Coahuayana,18.7333,-103.6833,75.2,69,1,6.91,MX,2021-02-07 18:15:35
105,Padang,-0.9492,100.3543,78.8,89,20,2.3,ID,2021-02-07 18:12:46
106,Tuktoyaktuk,69.4541,-133.0374,-23.8,76,75,14.97,CA,2021-02-07 18:08:03
107,San Andres,12.5847,-81.7006,86.0,62,20,8.05,CO,2021-02-07 18:10:25
108,Vila Franca Do Campo,37.7167,-25.4333,62.01,77,75,16.11,PT,2021-02-07 18:07:37
109,Pevek,69.7008,170.3133,-6.29,86,0,1.86,RU,2021-02-07 18:10:25
110,Yeppoon,-23.1333,150.7333,78.8,83,90,9.22,AU,2021-02-07 18:15:35
111,Visnes,59.3556,5.2242,26.01,58,0,6.91,NO,2021-02-07 18:15:35
112,Hithadhoo,-0.6,73.0833,81.9,71,44,8.93,MV,2021-02-07 18:15:36
113,Tasiilaq,65.6145,-37.6368,19.4,58,0,2.3,GL,2021-02-07 18:15:05
114,Itarema,-2.9248,-39.9167,87.98,58,3,15.82,BR,2021-02-07 18:15:36
115,Road Town,18.4167,-64.6167,84.2,58,40,13.8,VG,2021-02-07 18:10:06
116,Palmer,42.1584,-72.3287,30.0,86,90,5.75,US,2021-02-07 18:12:40
117,Thompson,55.7435,-97.8558,-31.0,68,90,18.41,CA,2021-02-07 18:15:01
118,Kodiak,57.79,-152.4072,26.6,68,1,4.61,US,2021-02-07 18:15:36
119,Imbituba,-28.24,-48.6703,82.4,51,20,14.97,BR,2021-02-07 18:11:19
120,Camargo,27.6667,-105.1667,69.58,20,2,6.15,MX,2021-02-07 18:15:36
121,Kavieng,-2.5744,150.7967,82.53,77,42,8.77,PG,2021-02-07 18:12:31
122,Codrington,-38.2667,141.9667,56.3,69,90,10.67,AU,2021-02-07 18:15:36
123,Santo Antonio Do Sudoeste,-26.0736,-53.7253,83.71,36,0,3.2,BR,2021-02-07 18:10:26
124,Oktyabrskoye,43.0645,44.7417,26.6,100,76,6.71,RU,2021-02-07 18:13:37
125,Uyuni,-20.4597,-66.825,66.2,34,69,7.43,BO,2021-02-07 18:15:37
126,Bonthe,7.5264,-12.505,82.33,74,33,12.62,SL,2021-02-07 18:15:37
127,Poyarkovo,49.6,128.6833,-17.27,87,38,7.34,RU,2021-02-07 18:15:37
128,San Patricio,28.017,-97.5169,69.8,49,1,12.66,US,2021-02-07 18:10:27
129,Tual,-5.6667,132.75,83.34,80,100,16.67,ID,2021-02-07 18:15:37
130,Aldan,58.6031,125.3894,-19.3,82,0,3.18,RU,2021-02-07 18:15:37
131,Wollongong,-34.4333,150.8833,66.0,87,76,1.01,AU,2021-02-07 18:15:37
132,Sibu,2.3,111.8167,75.2,94,40,3.44,MY,2021-02-07 18:15:37
133,Tamandare,-8.7597,-35.1047,84.09,67,74,12.21,BR,2021-02-07 18:15:38
134,Yellowknife,62.456,-114.3525,-42.0,66,1,5.75,CA,2021-02-07 18:14:09
135,Bowen,-20.0167,148.2333,78.8,94,90,4.61,AU,2021-02-07 18:15:38
136,Buin,-33.7333,-70.75,75.2,60,48,5.75,CL,2021-02-07 18:15:38
137,Atuona,-9.8,-139.0333,79.25,74,37,21.03,PF,2021-02-07 18:15:38
138,Mata,40.683,-7.4592,48.99,87,100,7.0,PT,2021-02-07 18:15:38
139,Jambi,-1.6,103.6167,74.75,94,100,3.0,ID,2021-02-07 18:10:51
140,Haines Junction,60.7522,-137.5108,-27.4,68,45,1.14,CA,2021-02-07 18:10:27
141,Cibeureum,-7.3552,108.2693,72.84,92,100,3.56,ID,2021-02-07 18:15:38
142,Vardo,70.3705,31.1107,23.0,86,75,32.21,NO,2021-02-07 18:12:10
143,Arraial Do Cabo,-22.9661,-42.0278,77.0,83,75,5.75,BR,2021-02-07 18:10:28
144,Ponta Do Sol,32.6667,-17.1,61.0,69,75,3.0,PT,2021-02-07 18:10:28
145,Chapel Hill,35.9132,-79.0558,45.0,78,100,3.0,US,2021-02-07 18:06:06
146,Shingu,33.7333,135.9833,41.38,80,0,5.93,JP,2021-02-07 18:15:39
147,Mar Del Plata,-38.0023,-57.5575,63.0,88,90,25.32,AR,2021-02-07 18:07:27
148,Mahanoro,-19.9,48.8,81.3,80,100,12.57,MG,2021-02-07 18:15:39
149,General Bravo,25.8,-99.1667,75.2,31,6,14.92,MX,2021-02-07 18:10:29
150,Mount Isa,-20.7333,139.5,78.8,94,75,6.91,AU,2021-02-07 18:09:45
151,Ribeira Grande,38.5167,-28.7,62.6,67,40,19.57,PT,2021-02-07 18:10:29
152,Lebu,-37.6167,-73.65,64.33,73,51,8.5,CL,2021-02-07 18:15:39
153,Mission,26.2159,-98.3253,77.0,38,1,12.66,US,2021-02-07 18:15:09
154,Pangody,65.85,74.4859,-1.1,92,100,20.67,RU,2021-02-07 18:13:24
155,Saint-Augustin,51.226,-58.6502,29.28,93,75,22.3,CA,2021-02-07 18:15:40
156,Katsuura,35.1333,140.3,44.6,53,0,12.66,JP,2021-02-07 18:10:29
157,Alice Springs,-23.7,133.8833,77.0,35,29,4.61,AU,2021-02-07 18:09:24
158,Rawson,-43.3002,-65.1023,61.2,49,22,13.22,AR,2021-02-07 18:15:40
159,Kirillov,59.863,38.3813,-7.6,77,0,8.95,RU,2021-02-07 18:15:40
160,Swan Hill,-35.3378,143.5544,56.37,62,75,11.7,AU,2021-02-07 18:07:10
161,Camopi,3.1655,-52.3158,74.62,97,100,4.56,GF,2021-02-07 18:15:40
162,Ihtiman,42.4333,23.8167,45.0,95,97,1.99,BG,2021-02-07 18:15:40
163,Bilma,18.6853,12.9164,68.68,21,75,5.28,NE,2021-02-07 18:12:32
164,Dhidhdhoo,6.8833,73.1,81.52,75,88,12.28,MV,2021-02-07 18:15:40
165,Auki,-8.7676,160.7034,77.77,85,77,6.78,SB,2021-02-07 18:15:40
166,Hesla,24.0667,85.8833,57.11,60,0,4.97,IN,2021-02-07 18:15:40
167,Coxim,-18.5067,-54.76,90.21,37,0,5.57,BR,2021-02-07 18:15:41
168,Gola Bazar,26.3431,83.3553,54.21,58,0,4.68,IN,2021-02-07 18:10:30
169,Matara,5.9485,80.5353,75.69,86,27,3.78,LK,2021-02-07 18:15:41
170,San Vicente,-26.6167,-54.1333,89.22,23,1,4.52,AR,2021-02-07 18:07:17
171,Shahrud,36.4182,54.9763,47.39,72,97,7.45,IR,2021-02-07 18:15:41
172,Ust-Nera,64.5667,143.2,-8.63,76,97,6.46,RU,2021-02-07 18:15:41
173,Longyearbyen,78.2186,15.6401,15.8,73,75,19.57,SJ,2021-02-07 18:15:41
174,Avarua,-21.2078,-159.775,80.6,83,20,5.75,CK,2021-02-07 18:15:11
175,Dingle,10.9995,122.6711,75.99,90,100,9.26,PH,2021-02-07 18:15:41
176,Sept-Iles,50.2001,-66.3821,23.0,54,0,5.75,CA,2021-02-07 18:12:45
177,Cuamba,-14.8031,36.5372,72.72,91,83,2.82,MZ,2021-02-07 18:15:41
178,Erenhot,43.6475,111.9767,7.3,88,0,3.98,CN,2021-02-07 18:15:42
179,Mapiri,-15.25,-68.1667,83.89,65,45,1.5,BO,2021-02-07 18:15:42
180,Gulabpura,25.9,74.6667,58.55,34,0,4.5,IN,2021-02-07 18:15:42
181,Sitka,57.0531,-135.33,30.2,47,1,5.75,US,2021-02-07 18:15:42
182,Walvis Bay,-22.9575,14.5053,68.0,73,24,8.05,NA,2021-02-07 18:10:31
183,Vanavara,60.34,102.2797,26.82,98,100,7.99,RU,2021-02-07 18:15:42
184,Kawalu,-7.3817,108.2082,73.11,90,100,3.29,ID,2021-02-07 18:15:02
185,Djambala,-2.5447,14.7533,76.35,63,32,3.18,CG,2021-02-07 18:15:42
186,Gao,16.6362,1.637,82.56,14,96,5.28,ML,2021-02-07 18:15:42
187,Mitsamiouli,-11.3847,43.2844,83.91,71,71,6.91,KM,2021-02-07 18:13:01
188,Saint-Pierre,-21.3393,55.4781,78.8,83,0,5.75,RE,2021-02-07 18:15:42
189,Acarau,-2.8856,-40.12,87.91,58,6,17.18,BR,2021-02-07 18:15:43
190,Mosjoen,65.836,13.1908,26.01,85,75,3.44,NO,2021-02-07 18:12:47
191,Coquimbo,-29.9533,-71.3436,69.8,56,0,11.5,CL,2021-02-07 18:13:38
192,Sao Filipe,14.8961,-24.4956,70.9,71,79,10.58,CV,2021-02-07 18:10:32
193,Tambopata,-12.7333,-69.1833,89.6,62,40,3.44,PE,2021-02-07 18:15:43
194,Saskylakh,71.9167,114.0833,-38.09,78,27,11.72,RU,2021-02-07 18:12:08
195,Khani,41.9563,42.9566,44.6,100,75,2.3,GE,2021-02-07 18:15:43
196,Billings,45.7833,-108.5007,0.0,77,90,9.22,US,2021-02-07 18:15:43
197,Sawakin,19.1059,37.3321,74.61,57,1,14.5,SD,2021-02-07 18:15:43
198,Geraldton,-28.7667,114.6,69.8,78,40,10.36,AU,2021-02-07 18:15:43
199,Grindavik,63.8424,-22.4338,32.0,74,40,13.8,IS,2021-02-07 18:12:54
200,Touros,-5.1989,-35.4608,87.8,58,40,17.27,BR,2021-02-07 18:15:44
201,Partenit,44.578,34.3446,39.0,84,98,10.78,UA,2021-02-07 18:15:44
202,Isheyevka,54.4167,48.2667,-0.4,71,75,15.66,RU,2021-02-07 18:15:44
203,Palatka,29.6486,-81.6376,68.0,74,69,5.41,US,2021-02-07 18:14:18
204,Paciran,-6.8767,112.3761,79.02,85,100,11.95,ID,2021-02-07 18:15:44
205,Lata,40.1629,-8.3327,54.0,93,100,1.99,PT,2021-02-07 18:15:44
206,Puerto Concordia,2.6221,-72.7572,88.56,58,52,5.12,CO,2021-02-07 18:10:33
207,San Julian,21.0167,-102.1667,71.26,26,0,5.32,MX,2021-02-07 18:10:33
208,Caravelas,-17.7125,-39.2481,81.46,83,81,9.8,BR,2021-02-07 18:15:44
209,Tuatapere,-46.1333,167.6833,55.78,73,95,4.76,NZ,2021-02-07 18:11:36
210,Oranjestad,12.524,-70.027,84.2,65,40,18.41,AW,2021-02-07 18:12:17
211,Lakatoro,-16.0999,167.4164,78.8,68,4,6.2,VU,2021-02-07 18:15:45
212,Sistranda,63.7256,8.834,21.2,86,20,9.22,NO,2021-02-07 18:11:33
213,Lentekhi,42.7856,42.7261,42.06,71,100,1.74,GE,2021-02-07 18:15:45
214,Clyde River,70.4692,-68.5914,-4.0,84,75,16.11,CA,2021-02-07 18:08:49
215,Salalah,17.0151,54.0924,73.4,68,40,3.44,OM,2021-02-07 18:15:25
216,Mount Gambier,-37.8333,140.7667,55.4,71,90,8.05,AU,2021-02-07 18:10:34
217,Taoudenni,22.6783,-3.9836,69.67,22,0,8.93,ML,2021-02-07 18:15:45
218,San Quintin,30.4833,-115.95,64.08,55,1,6.87,MX,2021-02-07 18:07:43
219,Hambantota,6.1241,81.1185,77.77,79,13,16.8,LK,2021-02-07 18:15:45
220,Montrose,38.4166,-108.2673,46.0,31,1,9.93,US,2021-02-07 18:15:45
221,Bathsheba,13.2167,-59.5167,82.4,61,75,26.46,BB,2021-02-07 18:14:32
222,Hay River,60.8156,-115.7999,-38.2,67,30,2.3,CA,2021-02-07 18:10:35
223,Vista Hermosa,19.5167,-99.2167,69.8,28,1,3.91,MX,2021-02-07 18:10:35
224,Bubaque,11.2833,-15.8333,78.46,61,0,16.24,GW,2021-02-07 18:15:46
225,Hilo,19.7297,-155.09,66.99,52,1,8.05,US,2021-02-07 18:10:35
226,Souillac,-20.5167,57.5167,80.6,74,75,6.91,MU,2021-02-07 18:15:46
227,Vao,-22.6667,167.4833,77.13,85,25,2.71,NC,2021-02-07 18:15:46
228,Sompeta,18.9333,84.6,68.74,80,80,3.94,IN,2021-02-07 18:15:46
229,Iracoubo,5.4802,-53.2011,79.34,85,80,15.75,GF,2021-02-07 18:15:46
230,Cayenne,4.9333,-52.3333,82.4,78,75,14.97,GF,2021-02-07 18:15:11
231,Savannah Bight,16.45,-85.85,82.4,78,20,10.58,HN,2021-02-07 18:06:43
232,Farafangana,-22.8167,47.8333,80.19,85,99,14.34,MG,2021-02-07 18:15:47
233,Tessalit,20.1986,1.0114,71.11,22,100,9.82,ML,2021-02-07 18:15:47
234,Mayo,38.8876,-76.5119,36.0,100,90,6.91,US,2021-02-07 18:15:47
235,Sassandra,4.95,-6.0833,81.77,81,71,7.38,CI,2021-02-07 18:15:47
236,Beloha,-25.1667,45.05,76.51,84,21,8.88,MG,2021-02-07 18:15:47
237,Pontianak,-0.0333,109.3333,73.4,100,100,2.3,ID,2021-02-07 18:15:47
238,Tupik,54.4253,119.9327,-19.08,83,11,2.37,RU,2021-02-07 18:15:47
239,Aquin,18.2833,-73.4,81.21,62,19,9.91,HT,2021-02-07 18:15:47
240,Saint George,37.1041,-113.5841,44.6,36,1,3.44,US,2021-02-07 18:08:23
241,Coruripe,-10.1256,-36.1756,84.38,66,66,15.52,BR,2021-02-07 18:15:48
242,Miles City,46.4083,-105.8406,-2.2,60,1,8.05,US,2021-02-07 18:09:25
243,Hasaki,35.7333,140.8333,35.6,75,40,3.44,JP,2021-02-07 18:15:48
244,Port Macquarie,-31.4333,152.9167,68.0,97,72,1.01,AU,2021-02-07 18:10:05
245,Beinamar,8.6698,15.3813,81.95,15,100,4.52,TD,2021-02-07 18:15:48
246,Norman Wells,65.282,-126.8329,-27.4,75,75,3.44,CA,2021-02-07 18:09:12
247,Buhl,48.7,8.15,42.8,81,40,3.44,DE,2021-02-07 18:15:48
248,Jingdezhen,29.2947,117.2079,54.81,84,100,5.39,CN,2021-02-07 18:15:48
249,Rocha,-34.4833,-54.3333,80.15,55,20,9.48,UY,2021-02-07 18:15:48
250,Santiago Del Estero,-27.7951,-64.2615,95.0,34,0,5.01,AR,2021-02-07 18:10:37
251,Victoria,22.2855,114.1577,68.0,84,0,10.58,HK,2021-02-07 18:13:31
252,Mangrol,21.1167,70.1167,70.21,54,2,3.85,IN,2021-02-07 18:14:48
253,Berezovka,53.7214,25.4993,-1.21,91,65,6.29,BY,2021-02-07 18:15:49
254,Ostrovnoy,68.0531,39.5131,6.37,88,100,1.59,RU,2021-02-07 18:15:49
255,Goderich,43.7501,-81.7165,10.4,61,99,14.97,CA,2021-02-07 18:15:49
256,Oranjemund,-28.55,16.4333,65.07,77,5,23.51,NA,2021-02-07 18:15:49
257,Albanel,48.8832,-72.4487,19.4,68,100,11.5,CA,2021-02-07 18:15:49
258,Ekhabi,53.5102,142.9671,8.35,94,100,25.77,RU,2021-02-07 18:15:49
259,Horsham,51.064,-0.3272,32.0,80,75,18.41,GB,2021-02-07 18:15:49
260,Bengkulu,-3.8004,102.2655,76.46,85,100,6.29,ID,2021-02-07 18:15:49
261,Mana,5.6592,-53.7767,79.5,86,92,14.7,GF,2021-02-07 18:15:49
262,Hofn,64.2539,-15.2082,36.43,85,100,18.52,IS,2021-02-07 18:15:50
263,Barsovo,61.1667,73.1667,19.4,79,75,15.66,RU,2021-02-07 18:15:50
264,Alofi,-19.0595,-169.9187,78.8,94,80,5.75,NU,2021-02-07 18:15:50
265,Guiyang,26.5833,106.7167,46.4,100,90,6.71,CN,2021-02-07 18:15:50
266,Buala,-8.145,159.5921,79.56,82,80,5.3,SB,2021-02-07 18:15:50
267,Nelas,40.5322,-7.8515,48.99,87,100,7.0,PT,2021-02-07 18:15:50
268,Flinders,-34.5833,150.8552,66.0,81,71,1.01,AU,2021-02-07 18:14:38
269,Port Lincoln,-34.7333,135.8667,58.98,81,15,16.13,AU,2021-02-07 18:10:24
270,Keffi,8.8486,7.8736,95.0,24,87,4.61,NG,2021-02-07 18:15:51
271,Waw,7.7029,27.9953,72.55,20,29,4.97,SS,2021-02-07 18:15:51
272,Xushan,30.1764,121.2457,55.0,82,75,11.18,CN,2021-02-07 18:15:51
273,Bandarbeyla,9.4942,50.8122,76.37,78,1,17.63,SO,2021-02-07 18:12:02
274,Nelson Bay,-32.7167,152.15,69.01,83,48,11.5,AU,2021-02-07 18:10:40
275,Yagodnoye,62.55,149.6667,-0.87,88,100,8.57,RU,2021-02-07 18:15:51
276,Moyale,3.5167,39.0584,82.72,33,71,11.99,KE,2021-02-07 18:15:51
277,Manggar,-2.8833,108.2667,79.57,81,100,12.41,ID,2021-02-07 18:13:07
278,Muros,42.7762,-9.0603,55.99,91,100,21.0,ES,2021-02-07 18:15:52
279,Beberibe,-4.1797,-38.1306,86.0,66,40,13.8,BR,2021-02-07 18:15:52
280,Navalcarnero,40.2891,-4.012,48.99,87,75,17.27,ES,2021-02-07 18:15:52
281,Hays,30.0502,-98.0336,61.0,47,0,7.0,US,2021-02-07 18:15:52
282,Pacific Grove,36.6177,-121.9166,55.99,76,1,3.44,US,2021-02-07 18:10:40
283,Sotnikovskoye,45.0039,43.7772,26.44,98,99,6.08,RU,2021-02-07 18:15:52
284,Sakakah,29.9697,40.2064,57.2,58,0,6.91,SA,2021-02-07 18:12:15
285,Dargaville,-35.9333,173.8833,57.54,88,26,3.49,NZ,2021-02-07 18:15:52
286,Kahului,20.8947,-156.47,69.01,77,20,5.75,US,2021-02-07 18:15:52
287,Leh,34.1667,77.5833,13.23,57,0,1.34,IN,2021-02-07 18:15:26
288,Quixeramobim,-5.1992,-39.2928,97.61,25,28,8.68,BR,2021-02-07 18:14:59
289,Lorengau,-2.0226,147.2712,81.72,79,98,7.81,PG,2021-02-07 18:15:53
290,Nome,64.5011,-165.4064,-5.8,84,1,4.43,US,2021-02-07 18:15:53
291,Fujin,47.26,132.0322,-13.16,86,0,11.81,CN,2021-02-07 18:15:53
292,La Asuncion,11.0333,-63.8628,79.86,70,40,17.69,VE,2021-02-07 18:10:41
293,Kavaratti,10.5669,72.642,81.12,70,2,7.2,IN,2021-02-07 18:15:53
294,Gainesville,29.6516,-82.3248,66.99,72,40,3.44,US,2021-02-07 18:12:01
295,Margate,51.3813,1.3862,30.99,85,100,8.01,GB,2021-02-07 18:11:55
296,Meulaboh,4.1363,96.1285,77.88,84,37,4.18,ID,2021-02-07 18:15:53
297,Usinsk,65.9939,57.5281,-23.03,85,100,16.33,RU,2021-02-07 18:15:53
298,Cabo San Lucas,22.8909,-109.9124,77.0,64,40,8.05,MX,2021-02-07 18:09:04
299,Xam Nua,20.4197,104.0439,58.78,94,35,2.17,LA,2021-02-07 18:10:42
300,Ornskoldsvik,63.2909,18.7153,21.2,86,0,8.05,SE,2021-02-07 18:15:53
301,Sorland,67.667,12.6934,35.6,80,40,19.57,NO,2021-02-07 18:12:37
302,Nanortalik,60.1432,-45.2371,32.61,87,100,15.08,GL,2021-02-07 18:15:54
303,Yulara,-25.2406,130.9889,75.2,33,2,8.05,AU,2021-02-07 18:15:54
304,Marawi,7.9986,124.2928,75.0,95,100,3.0,PH,2021-02-07 18:14:52
305,Poum,-20.2333,164.0167,79.25,71,96,1.86,NC,2021-02-07 18:15:54
306,Teguise,29.0605,-13.564,64.4,63,40,11.5,ES,2021-02-07 18:15:51
307,El Alto,-4.2714,-81.2147,89.6,48,0,16.11,PE,2021-02-07 18:10:43
308,Ofaqim,31.3141,34.6203,55.0,100,0,5.77,IL,2021-02-07 18:15:54
309,Uga,5.9358,7.0793,89.8,25,100,2.46,NG,2021-02-07 18:15:54
310,Awbari,26.5921,12.7805,77.04,15,98,16.8,LY,2021-02-07 18:15:54
311,Liepaja,56.5419,21.0367,1.4,92,10,3.44,LV,2021-02-07 18:15:55
312,San Policarpo,12.1791,125.5072,80.06,84,100,18.23,PH,2021-02-07 18:10:43
313,Aklavik,68.2191,-135.0107,-13.0,64,90,13.8,CA,2021-02-07 18:15:55
314,Mehamn,71.0357,27.8492,24.8,80,75,31.07,NO,2021-02-07 18:15:55
315,Fortuna,40.5982,-124.1573,48.0,93,90,6.91,US,2021-02-07 18:15:55
316,Senanga,-16.1167,23.2667,73.18,82,99,3.09,ZM,2021-02-07 18:15:55
317,Sibolga,1.7427,98.7792,77.36,80,93,3.36,ID,2021-02-07 18:15:55
318,Alingsas,57.9303,12.5335,18.0,86,0,9.22,SE,2021-02-07 18:15:55
319,San Rafael,-34.6177,-68.3301,78.62,41,0,29.21,AR,2021-02-07 18:10:44
320,Lavrentiya,65.5833,-171.0,-11.22,84,0,5.3,RU,2021-02-07 18:15:55
321,Taksimo,56.3444,114.8794,-7.11,86,100,0.81,RU,2021-02-07 18:15:56
322,Nizwa,22.9333,57.5333,59.85,45,0,5.77,OM,2021-02-07 18:15:56
323,Katobu,-4.9408,122.5276,75.74,93,87,0.81,ID,2021-02-07 18:10:44
324,Itoman,26.1247,127.6694,62.6,72,20,6.91,JP,2021-02-07 18:15:56
325,Panzhihua,26.5851,101.7128,48.0,62,96,0.25,CN,2021-02-07 18:15:56
326,Balugaon,20.1667,85.1,62.94,78,16,1.72,IN,2021-02-07 18:15:56
327,Omsukchan,62.5333,155.8,2.53,86,100,13.6,RU,2021-02-07 18:15:56
328,Umred,20.85,79.3333,60.8,30,1,6.33,IN,2021-02-07 18:15:56
329,Vila Velha,-20.3297,-40.2925,71.6,94,90,3.44,BR,2021-02-07 18:09:40
330,Honiara,-9.4333,159.95,77.85,81,91,4.88,SB,2021-02-07 18:15:11
331,Iglesias,39.3114,8.535,55.99,94,40,2.3,IT,2021-02-07 18:15:57
332,Torbay,47.6666,-52.7314,34.0,55,20,36.82,CA,2021-02-07 18:06:57
333,Nykoping,58.753,17.0079,17.6,86,0,5.75,SE,2021-02-07 18:15:57
334,Villa Sandino,12.0483,-84.9936,87.8,51,40,6.91,NI,2021-02-07 18:10:45
335,Port Blair,11.6667,92.75,78.6,79,0,9.04,IN,2021-02-07 18:10:45
336,Ayan,56.45,138.1667,-5.21,79,100,22.03,RU,2021-02-07 18:14:50
337,Gat,31.61,34.7642,60.01,100,0,4.92,IL,2021-02-07 18:14:26
338,Iwanai,42.9744,140.5089,21.15,94,99,15.59,JP,2021-02-07 18:15:27
339,Phitsanulok,16.9167,100.5,74.77,43,1,4.09,TH,2021-02-07 18:15:57
340,Sergeyevka,53.88,67.4158,9.54,93,100,16.28,KZ,2021-02-07 18:15:58
341,Huarmey,-10.0681,-78.1522,77.31,61,72,9.93,PE,2021-02-07 18:15:58
342,Canalete,8.6761,-76.2042,87.98,59,97,10.27,CO,2021-02-07 18:15:58
343,San Carlos Del Zulia,9.0,-71.9135,88.72,56,65,5.77,VE,2021-02-07 18:10:46
344,Khatanga,71.9667,102.5,-31.58,79,0,9.4,RU,2021-02-07 18:13:55
345,Nikolskoye,59.7035,30.7861,15.8,92,90,8.95,RU,2021-02-07 18:15:58
346,Mahebourg,-20.4081,57.7,80.6,74,75,6.91,MU,2021-02-07 18:15:58
347,Tsaratanana,-16.7833,47.65,73.58,86,100,2.75,MG,2021-02-07 18:15:58
348,Paragominas,-2.9667,-47.4833,91.56,50,33,2.95,BR,2021-02-07 18:12:16
349,Moerai,-22.4333,-151.3333,81.05,72,39,8.46,PF,2021-02-07 18:12:45
350,Laguna,38.421,-121.4238,55.99,87,1,4.07,US,2021-02-07 18:11:53
351,Kuryk,43.2,51.65,36.07,81,21,14.99,KZ,2021-02-07 18:15:59
352,Taltal,-25.4,-70.4833,69.73,61,36,6.64,CL,2021-02-07 18:12:35
353,Waingapu,-9.6567,120.2641,78.13,82,94,5.82,ID,2021-02-07 18:15:59
354,Anadyr,64.75,177.4833,10.4,40,0,11.18,RU,2021-02-07 18:15:59
355,Samarai,-10.6167,150.6667,82.2,77,63,6.06,PG,2021-02-07 18:15:59
356,Zhanaozen,43.3,52.8,35.76,85,37,11.59,KZ,2021-02-07 18:15:59
357,Yar-Sale,66.8333,70.8333,-11.72,90,100,24.76,RU,2021-02-07 18:15:59
358,Davila,18.4726,120.5763,75.2,88,75,1.14,PH,2021-02-07 18:15:59
359,Chicama,-7.8447,-79.1469,75.2,73,0,10.36,PE,2021-02-07 18:15:59
360,Yarada,17.65,83.2667,73.4,83,20,2.3,IN,2021-02-07 18:16:00
361,Waddan,29.1614,16.139,74.35,17,76,9.57,LY,2021-02-07 18:16:00
362,Leningradskiy,69.3833,178.4167,-13.77,79,5,5.41,RU,2021-02-07 18:16:00
363,Kushmurun,52.4503,64.6311,7.74,92,47,14.27,KZ,2021-02-07 18:16:00
364,Lasa,46.6166,10.7002,39.99,100,90,4.61,IT,2021-02-07 18:16:00
365,Zhigansk,66.7697,123.3711,-31.11,80,79,11.39,RU,2021-02-07 18:16:00
366,Keti Bandar,24.1447,67.4497,68.13,52,0,8.03,PK,2021-02-07 18:09:19
367,Inhambane,-23.865,35.3833,82.4,74,20,4.61,MZ,2021-02-07 18:16:00
368,Benjamin Constant,-4.3831,-70.0311,89.6,62,40,4.61,BR,2021-02-07 18:10:48
369,Lompoc,34.6391,-120.4579,61.0,71,1,3.44,US,2021-02-07 18:11:08
370,Izhma,65.0083,53.9113,-25.67,84,100,11.23,RU,2021-02-07 18:16:01
371,Sao Joao Da Barra,-21.6403,-41.0511,73.4,94,90,6.91,BR,2021-02-07 18:10:48
372,Limulunga,-15.0969,23.1376,73.76,79,100,3.76,ZM,2021-02-07 18:16:01
373,San Cristobal,7.7669,-72.225,87.8,51,40,9.22,VE,2021-02-07 18:06:45
374,Kingsland,30.8,-81.6898,60.8,82,90,9.22,US,2021-02-07 18:16:01
375,Delijan,33.9905,50.6838,43.72,72,86,1.68,IR,2021-02-07 18:16:01
376,Casablanca,33.5928,-7.6192,60.01,63,40,8.05,MA,2021-02-07 18:15:47
377,Port Hedland,-20.3167,118.5667,78.8,69,0,9.22,AU,2021-02-07 18:10:49
378,Yangjiang,21.85,111.9667,63.07,87,18,2.3,CN,2021-02-07 18:16:01
379,Xinzhou,38.4092,112.7333,28.09,78,0,1.9,CN,2021-02-07 18:16:01
380,Windhoek,-22.5594,17.0832,82.0,28,23,6.91,NA,2021-02-07 18:16:01
381,Jaru,-10.4389,-62.4664,82.6,87,94,3.74,BR,2021-02-07 18:16:02
382,Cedar Falls,42.5278,-92.4455,-5.01,59,20,3.44,US,2021-02-07 18:10:49
383,Markova,48.6758,24.4138,21.2,93,75,13.42,UA,2021-02-07 18:16:02
384,Port-Gentil,-0.7193,8.7815,80.6,83,40,9.48,GA,2021-02-07 18:16:02
385,Tsiroanomandidy,-18.7667,46.0333,70.32,91,99,4.07,MG,2021-02-07 18:16:02
386,Surt,31.2089,16.5887,72.21,27,100,16.91,LY,2021-02-07 18:16:02
387,Henties Bay,-22.116,14.2845,64.99,87,75,4.0,NA,2021-02-07 18:10:49
388,Sanandaj,35.3144,46.9923,42.8,71,11,3.51,IR,2021-02-07 18:12:51
389,Sturgis,41.7992,-85.4192,14.0,52,40,10.36,US,2021-02-07 18:16:02
390,Paamiut,61.994,-49.6678,30.52,84,62,6.64,GL,2021-02-07 18:16:03
391,Saint-Joseph,-21.3667,55.6167,78.8,83,0,5.75,RE,2021-02-07 18:16:03
392,Korla,41.7597,86.1469,32.61,77,69,5.1,CN,2021-02-07 18:16:03
393,Chapais,49.7834,-74.8492,15.8,79,90,10.36,CA,2021-02-07 18:16:03
394,Sangar,63.9242,127.4739,-32.84,79,0,4.16,RU,2021-02-07 18:16:03
395,Lisakovsk,52.5369,62.4936,12.02,94,100,20.24,KZ,2021-02-07 18:16:03
396,Quelimane,-17.8786,36.8883,84.2,79,75,3.44,MZ,2021-02-07 18:12:57
397,Benavente,42.0025,-5.6783,43.0,100,90,2.3,ES,2021-02-07 18:16:03
398,Cedar City,37.6775,-113.0619,48.2,14,1,4.61,US,2021-02-07 18:10:50
399,Ozernovskiy,51.5,156.5167,21.07,94,100,23.22,RU,2021-02-07 18:16:03
400,Bondo,3.8146,23.6866,76.66,21,35,1.97,CD,2021-02-07 18:16:04
401,Nouna,12.7333,-3.8667,93.65,11,34,9.44,BF,2021-02-07 18:16:04
402,Bilibino,68.0546,166.4372,-1.23,72,0,6.02,RU,2021-02-07 18:13:43
403,Sinnamary,5.3833,-52.95,77.95,86,82,14.94,GF,2021-02-07 18:16:04
404,Wageningen,51.9667,5.6667,24.01,80,90,19.57,NL,2021-02-07 18:16:04
405,Muravlenko,63.7898,74.523,25.38,98,100,15.48,RU,2021-02-07 18:16:04
406,Ballina,-28.8667,153.5667,73.4,83,90,6.91,AU,2021-02-07 18:16:04
407,Los Llanos De Aridane,28.6585,-17.9182,64.4,68,40,8.05,ES,2021-02-07 18:10:51
408,Kaspiyskiy,45.3929,47.3707,28.38,83,94,10.56,RU,2021-02-07 18:16:04
409,Dauphin,51.1494,-100.0502,-20.2,63,1,16.11,CA,2021-02-07 18:16:05
410,Ende,-8.8432,121.6623,78.55,74,100,1.41,ID,2021-02-07 18:16:05
411,Ishigaki,24.3448,124.1572,70.02,75,79,13.4,JP,2021-02-07 18:16:05
412,Abay,49.6311,72.8539,23.0,80,75,15.66,KZ,2021-02-07 18:16:05
413,Maksatikha,57.797,35.8825,-0.13,93,99,4.7,RU,2021-02-07 18:16:05
414,Basco,20.4487,121.9702,74.07,83,89,22.1,PH,2021-02-07 18:16:05
415,Languyan,5.2618,120.0807,79.14,87,100,7.63,PH,2021-02-07 18:16:05
416,Ancud,-41.8697,-73.8203,80.6,34,0,6.91,CL,2021-02-07 18:12:37
417,Whitehorse,60.7161,-135.0538,-9.4,77,90,2.3,CA,2021-02-07 18:15:09
418,Villa Del Rosario,7.8339,-72.4742,87.8,51,40,9.22,CO,2021-02-07 18:10:52
419,Bharatpur,27.2167,77.4833,55.85,51,0,3.33,IN,2021-02-07 18:16:06
420,Vestmannaeyjar,63.4427,-20.2734,35.6,87,40,26.46,IS,2021-02-07 18:16:06
421,Klamath Falls,42.2249,-121.7817,36.0,80,1,2.62,US,2021-02-07 18:09:13
422,Dubti,11.7361,41.0853,77.54,51,51,5.08,ET,2021-02-07 18:16:06
423,Xiongzhou,25.1167,114.3,64.99,62,12,3.62,CN,2021-02-07 18:16:06
424,Mamlyutka,54.9375,68.5394,5.65,93,100,14.52,KZ,2021-02-07 18:16:06
425,Nouadhibou,20.931,-17.0347,68.0,68,0,17.27,MR,2021-02-07 18:16:06
426,Hami,42.8,93.45,30.97,80,36,4.41,CN,2021-02-07 18:15:22
427,Sao Gabriel Da Cachoeira,-0.1303,-67.0892,86.0,74,40,4.61,BR,2021-02-07 18:10:52
428,Edgewater,28.9889,-80.9023,75.99,77,20,16.11,US,2021-02-07 18:16:07
429,Kostomuksha,64.571,30.5767,10.29,97,100,4.34,RU,2021-02-07 18:15:23
430,Comodoro Rivadavia,-45.8667,-67.5,64.4,52,20,17.27,AR,2021-02-07 18:10:24
431,Wagga Wagga,-35.1167,147.3667,59.0,88,70,4.61,AU,2021-02-07 18:10:53
432,Capaci,38.1711,13.2393,59.0,67,20,3.44,IT,2021-02-07 18:16:07
433,Mancio Lima,-7.6142,-72.8958,89.6,70,75,5.75,BR,2021-02-07 18:10:53
434,Berlevag,70.8578,29.0864,24.8,79,75,20.71,NO,2021-02-07 18:16:07
435,Esperance,-33.8667,121.9,64.4,82,90,14.97,AU,2021-02-07 18:16:07
436,Goma,-1.6792,29.2228,66.43,74,29,3.33,CD,2021-02-07 18:16:08
437,Aswan,24.0934,32.907,69.3,36,0,15.21,EG,2021-02-07 18:16:08
438,Mackay,-21.15,149.2,80.6,83,40,6.91,AU,2021-02-07 18:16:08
439,Burnie,-41.0667,145.9167,55.99,68,82,6.11,AU,2021-02-07 18:16:08
440,Gushikawa,26.3544,127.8686,62.6,67,1,3.44,JP,2021-02-07 18:16:08
441,Socuellamos,39.2858,-2.7921,44.01,85,86,11.01,ES,2021-02-07 18:16:08
442,Tagusao,9.1924,117.8141,78.96,82,98,5.08,PH,2021-02-07 18:16:08
443,Roald,62.5833,6.1333,24.8,42,0,11.5,NO,2021-02-07 18:16:08
444,Tarko-Sale,64.9225,77.785,18.07,97,100,16.35,RU,2021-02-07 18:16:08
445,Hilton Head Island,32.2163,-80.7526,50.0,87,90,10.36,US,2021-02-07 18:10:54
446,Ginir,7.1333,40.7,66.0,45,86,0.76,ET,2021-02-07 18:16:08
447,Quatre Cocos,-20.2078,57.7625,80.6,74,75,6.91,MU,2021-02-07 18:10:54
448,Tomelloso,39.1522,-3.0243,39.99,85,91,11.01,ES,2021-02-07 18:16:09
449,Quito,-0.2299,-78.5249,77.0,29,40,12.66,EC,2021-02-07 18:11:20
450,Huambo,-12.7761,15.7392,66.83,65,100,3.27,AO,2021-02-07 18:16:09
451,Novyy Urengoy,66.0833,76.6333,-1.91,92,100,18.95,RU,2021-02-07 18:10:55
452,Etla,17.0608,-96.7944,75.2,35,1,3.51,MX,2021-02-07 18:16:09
453,Umm Kaddadah,13.6017,26.6876,67.86,23,40,13.11,SD,2021-02-07 18:10:55
454,Diu,20.7141,70.9822,70.61,32,0,6.64,IN,2021-02-07 18:16:09
455,Matay,28.419,30.7792,61.88,40,22,5.1,EG,2021-02-07 18:16:09
456,Buchanan,5.8808,-10.0467,86.0,74,20,8.05,LR,2021-02-07 18:16:09
457,Otavi,-19.65,17.3333,75.56,58,90,8.9,NA,2021-02-07 18:16:09
458,Barbacena,-21.2258,-43.7736,64.4,88,90,4.61,BR,2021-02-07 18:16:10
459,Waipawa,-41.4122,175.5153,64.4,82,75,18.41,NZ,2021-02-07 18:16:10
460,Murgab,37.4966,61.9714,51.8,62,75,6.91,TM,2021-02-07 18:13:08
461,Torva,58.0028,25.935,16.0,92,90,6.91,EE,2021-02-07 18:16:10
462,Nanakuli,21.3906,-158.1547,64.0,72,1,3.44,US,2021-02-07 18:16:10
463,Fairbanks,64.8378,-147.7164,-14.01,76,1,4.61,US,2021-02-07 18:12:27
464,Karwar,14.8,74.1333,75.79,47,0,6.62,IN,2021-02-07 18:16:10
465,Iskateley,67.6803,53.1512,-17.5,87,100,16.06,RU,2021-02-07 18:12:07
466,Nicolas Bravo,18.45,-88.9167,86.0,70,40,11.5,MX,2021-02-07 18:10:56
467,Labuan,5.2767,115.2417,80.6,89,20,6.91,MY,2021-02-07 18:16:10
468,Reconquista,-29.15,-59.65,90.72,24,0,5.7,AR,2021-02-07 18:16:11
469,Lazaro Cardenas,17.9583,-102.2,83.46,51,8,5.73,MX,2021-02-07 18:10:56
470,Ilulissat,69.2167,-51.1,26.6,36,0,11.5,GL,2021-02-07 18:16:11
471,Colac,-38.3333,143.5833,54.0,39,42,4.0,AU,2021-02-07 18:16:11
472,Southbridge,42.0751,-72.0334,28.99,88,100,8.05,US,2021-02-07 18:16:11
473,Alberton,46.8168,-64.0654,24.8,58,48,12.66,CA,2021-02-07 18:16:11
474,Kizema,61.113,44.8302,-17.21,87,100,8.21,RU,2021-02-07 18:16:11
475,Beisfjord,68.3751,17.5988,30.2,69,75,11.5,NO,2021-02-07 18:16:11
476,Argayash,55.4888,60.8767,3.2,55,0,11.18,RU,2021-02-07 18:16:11
477,Ambulu,-8.345,113.6058,76.06,91,100,3.42,ID,2021-02-07 18:16:11
478,Dongsheng,39.8161,109.9776,20.53,75,0,2.75,CN,2021-02-07 18:16:11
479,Grand Gaube,-20.0064,57.6608,80.01,80,83,4.0,MU,2021-02-07 18:10:57
480,Kaitangata,-46.2817,169.8464,60.01,94,61,3.0,NZ,2021-02-07 18:16:12
481,Aasiaat,68.7098,-52.8699,19.18,86,0,20.54,GL,2021-02-07 18:16:12
482,Contamana,-7.3333,-75.0167,88.21,62,94,4.16,PE,2021-02-07 18:16:12
483,Cidreira,-30.1811,-50.2056,76.66,63,33,11.16,BR,2021-02-07 18:10:57
484,Vikhorevka,56.1201,101.1636,19.4,79,92,4.47,RU,2021-02-07 18:16:12
485,Sabzevar,36.2126,57.6819,53.91,40,38,2.06,IR,2021-02-07 18:16:12
486,Broadstairs,51.3591,1.4394,30.99,85,100,8.01,GB,2021-02-07 18:16:12
487,Nueve De Julio,-35.4444,-60.8831,95.02,14,0,4.97,AR,2021-02-07 18:10:12
488,Shubarkuduk,49.1447,56.4872,7.75,94,100,12.75,KZ,2021-02-07 18:14:10
489,Itaueira,-7.6033,-43.0256,90.54,48,80,2.51,BR,2021-02-07 18:16:12
490,Hauterive,46.0901,3.4459,42.8,56,40,5.75,FR,2021-02-07 18:16:12
491,Uppsala,60.0,17.75,18.0,92,75,2.3,SE,2021-02-07 18:16:12
492,Oktyabrskiy,54.4815,53.471,-4.4,88,100,12.33,RU,2021-02-07 18:16:13
493,Kichmengskiy Gorodok,59.9816,45.7854,-19.03,86,100,7.43,RU,2021-02-07 18:10:58
494,Russell,32.3502,-85.1999,51.8,54,40,10.36,US,2021-02-07 18:15:44
495,Siuna,13.7332,-84.7773,85.73,50,24,4.65,NI,2021-02-07 18:16:13
496,Inverness,57.4791,-4.224,32.0,80,65,10.36,GB,2021-02-07 18:16:13
497,Aripuana,-9.1667,-60.6333,76.41,89,100,2.86,BR,2021-02-07 18:12:32
498,Preeceville,51.95,-102.6677,-28.77,81,2,10.09,CA,2021-02-07 18:16:13
499,San Pedro,14.35,121.0167,79.0,78,20,2.3,PH,2021-02-07 18:10:58
500,Coari,-4.085,-63.1414,85.21,77,82,5.26,BR,2021-02-07 18:16:13
501,Nishihara,26.1842,127.7558,62.6,67,1,3.44,JP,2021-02-07 18:16:13
502,Blagoyevo,63.3667,47.9167,-20.58,85,100,9.82,RU,2021-02-07 18:16:13
503,Maroantsetra,-15.4333,49.7333,78.12,84,100,4.29,MG,2021-02-07 18:16:13
504,Hirado,33.3597,129.5531,48.0,93,0,5.01,JP,2021-02-07 18:16:14
505,Erdenet,49.0333,104.0833,5.83,86,0,4.03,MN,2021-02-07 18:16:14
506,Parlakimidi,18.7667,84.0833,66.18,82,97,2.01,IN,2021-02-07 18:16:14
507,Teya,60.3778,92.6267,28.72,95,94,11.32,RU,2021-02-07 18:16:14
508,Dolores,-36.3132,-57.6792,75.63,64,69,15.84,AR,2021-02-07 18:16:14
509,Balkhash,46.844,74.9804,28.04,99,80,5.03,KZ,2021-02-07 18:16:14
510,La Sarrosa,15.2333,-87.8333,87.8,62,20,6.91,HN,2021-02-07 18:10:59
511,Luderitz,-26.6481,15.1594,73.72,55,0,31.09,NA,2021-02-07 18:16:14
512,Almora,29.6167,79.6667,42.67,65,0,0.74,IN,2021-02-07 18:16:14
513,Mul,20.0667,79.6667,63.23,27,41,6.31,IN,2021-02-07 18:16:15
514,Kovernino,57.1253,43.8142,-13.81,88,47,8.14,RU,2021-02-07 18:15:16
515,Monrovia,6.3005,-10.7969,86.0,74,20,8.05,LR,2021-02-07 18:14:40
516,Moose Jaw,50.4001,-105.5344,-22.0,69,90,3.44,CA,2021-02-07 18:11:00
517,Kutahya,39.4242,29.9833,53.6,71,0,2.3,TR,2021-02-07 18:11:23
518,Vila,42.0304,-8.1588,45.0,95,100,15.99,PT,2021-02-07 18:16:15
519,Linhares,-19.3911,-40.0722,75.97,93,100,4.23,BR,2021-02-07 18:16:15
520,Dongying,37.4564,118.4856,28.71,89,84,2.15,CN,2021-02-07 18:13:59
521,Kyren,51.6828,102.1408,15.8,82,84,3.33,RU,2021-02-07 18:12:09
522,Apolda,51.0167,11.5,21.0,81,100,16.26,DE,2021-02-07 18:16:15
523,Klyuchi,52.2667,79.1667,16.9,93,62,13.33,RU,2021-02-07 18:16:15
524,Kihei,20.785,-156.4656,69.01,77,20,5.75,US,2021-02-07 18:11:29
525,Ishikari,43.2397,141.3539,15.01,91,91,4.21,JP,2021-02-07 18:15:29
526,Rani,25.3503,73.3089,60.12,32,0,5.17,IN,2021-02-07 18:16:16
527,Phan Thiet,10.9333,108.1,71.87,87,21,7.83,VN,2021-02-07 18:08:22
528,Shirokiy,49.758,129.523,-18.35,87,0,8.57,RU,2021-02-07 18:16:16
529,Severo-Yeniseyskiy,60.3725,93.0408,25.66,97,76,12.33,RU,2021-02-07 18:12:42
530,Filingue,14.3521,3.3168,83.79,15,88,7.05,NE,2021-02-07 18:16:16
531,Mozarlandia,-14.7447,-50.5706,73.92,91,100,11.95,BR,2021-02-07 18:16:16
532,Gosainganj,26.5833,82.3833,54.09,56,0,4.14,IN,2021-02-07 18:16:16
533,Olga,43.7444,135.2892,2.17,80,28,16.93,RU,2021-02-07 18:16:16
534,Neuquen,-38.9516,-68.0591,69.8,46,90,10.36,AR,2021-02-07 18:16:16
535,Pervomayskoye,43.919,46.7102,30.63,97,100,8.59,RU,2021-02-07 18:16:17
536,Cockburn Town,21.4612,-71.1419,80.6,74,40,14.97,TC,2021-02-07 18:11:01
537,Kyra,49.5776,111.9753,1.98,87,96,2.39,RU,2021-02-07 18:16:17
538,Shimoda,34.6667,138.95,41.0,52,1,19.17,JP,2021-02-07 18:16:17
539,La Macarena,2.1837,-73.7849,88.75,56,70,5.75,CO,2021-02-07 18:11:01
540,Groa,62.65,8.7167,23.0,50,0,5.75,NO,2021-02-07 18:16:17
541,Komsomolskiy,40.4272,71.7189,44.82,84,100,2.73,UZ,2021-02-07 18:16:17
542,Kirakira,-10.4544,161.9205,78.94,81,52,6.93,SB,2021-02-07 18:15:42
543,Puerto Madryn,-42.7692,-65.0385,60.96,50,53,14.05,AR,2021-02-07 18:07:23
544,Corner Brook,48.9667,-57.9484,30.2,69,90,26.46,CA,2021-02-07 18:11:02
545,Nikolayevka,53.1257,47.2041,-2.29,88,100,13.24,RU,2021-02-07 18:12:08
546,Elko,41.0002,-115.5012,46.4,23,1,11.5,US,2021-02-07 18:15:56
547,Katunino,64.3862,40.6298,-5.8,84,40,2.24,RU,2021-02-07 18:16:18
548,West Helena,34.5507,-90.6418,37.4,93,53,9.22,US,2021-02-07 18:11:02
549,Pisco,-13.7,-76.2167,78.01,83,40,9.22,PE,2021-02-07 18:16:18
550,Trofors,65.5333,13.4063,6.8,85,75,3.44,NO,2021-02-07 18:16:18
551,Camocim,-2.9022,-40.8411,85.68,67,29,15.46,BR,2021-02-07 18:16:18
552,Bacolod,10.6667,122.95,78.1,82,100,12.64,PH,2021-02-07 18:16:18
553,Luanda,-8.8368,13.2343,80.6,78,75,8.05,AO,2021-02-07 18:12:33
554,Pangnirtung,66.1451,-65.7125,33.8,37,20,11.5,CA,2021-02-07 18:14:39
555,Skovorodino,53.9833,123.9167,-18.42,83,2,2.62,RU,2021-02-07 18:16:18
